{
  "mitral": {
    "center": [
      31.957075,
      -203.469481,
      -469.779273
    ],
    "normal": [
      0.607195,
      -0.7056,
      -0.365299
    ],
    "radius": 16.228914,
    "labelId": 20,
    "leafletCount": 2
  },
  "aortic": {
    "center": [
      18.444762,
      -220.413988,
      -461.071304
    ],
    "normal": [
      -0.756757,
      0.037833,
      0.6526
    ],
    "radius": 10.0,
    "labelId": 21,
    "leafletCount": 3
  },
  "tricuspid": {
    "center": [
      0.389859,
      -226.594633,
      -488.182055
    ],
    "normal": [
      0.579538,
      -0.798703,
      -0.161895
    ],
    "radius": 15.667568,
    "labelId": 22,
    "leafletCount": 3
  },
  "pulmonic": {
    "center": [
      25.348024,
      -241.244611,
      -436.987898
    ],
    "normal": [
      -0.006846,
      0.540343,
      0.841417
    ],
    "radius": 13.500168,
    "labelId": 23,
    "leafletCount": 3
  }
}
